송금인,수취인,수취인 지갑주소,금액(USDT),비고
Sender 1,Dummy 1,TWTRqGYVDY6MHkcRH8iRBJcX3kWbNFp6Pz,3.00,9월 생활비
Sender 2,Dummy 2,TC12C8b3ucM7LwDQnPQDKDR8qSjUunz2P1,2.50,9월 생활비
Sender 3,Dummy 3,TQYJVPVr89y8qwSvQi4denhy7hV1GKQGVe,2.00,학비 tuition
Sender 4,Dummy 4,TMHtqxZS7swQ79aqwyFDsRad7VgpfLBuoa,10.00,추석 보너스 송금
Sender 2,Dummy 2,TC12C8b3ucM7LwDQnPQDKDR8qSjUunz2P1,2.50,9월 생활비
Sender 1,Dummy 1,TWTRG6z4ybC7nFNrDR6TRkk8UEgzHpp6Pz,3.00,9월 생활비 (새 지갑)
Sender 5,Dummy 5,TWRMWKCUWnrvWeoFmFC2rGhEgFRWgqviem,2.00,rent
Sender 7,Dummy 7,TMamw7bcB8Fd9g1fAh5R97RoXPyPDLXs2K,1.00,대리 송금
Sender 8,Dummy 7,TMamw7bcB8Fd9g1fAh5R97RoXPyPDLXs2K,1.00,대리 송금
Sender 9,Dummy 7,TMamw7bcB8Fd9g1fAh5R97RoXPyPDLXs2K,1.00,대리 송금
Sender 10,Dummy 8,TSSJ4FADxu3dToKDtBivTpWkqNYieDofem,2.00,가족 송금
Sender 11,Dummy 9,TSPXmqBRyn8D8Tb6HRVxMbrsCqiUVHFU5i,1.50,급전 요청
Sender 6,Dummy 6,TYTGczFG86EWhBaBkMtrXhATVf6pfkJT6m,2.00,9월 생활비